Name,Slug,Collection ID,Item ID,Archived,Draft,Created On,Updated On,Published On,Logo,Logo Row 1,Logo Row 2
Aftermarket Truck Parts,aftermarket-truck-parts,65c582990a5cea88721bd202,65c582990a5cea88721bd44d,false,false,Tue Oct 17 2023 16:17:20 GMT+0000 (Coordinated Universal Time),Thu Feb 15 2024 15:51:36 GMT+0000 (Coordinated Universal Time),Tue May 13 2025 13:18:25 GMT+0000 (Coordinated Universal Time),https://uploads-ssl.webflow.com/6392268cd1a3bc5df594bfa5/65ce3307e0176b9e86de30e8_logo-after.png,false,false
Allied Springbok,allied-springbok,65c582990a5cea88721bd202,689dde03af8cd1fde5e071f0,false,false,Thu Aug 14 2025 13:00:51 GMT+0000 (Coordinated Universal Time),Thu Aug 14 2025 13:00:52 GMT+0000 (Coordinated Universal Time),Thu Aug 14 2025 13:09:23 GMT+0000 (Coordinated Universal Time),,false,false
AOL,aol,65c582990a5cea88721bd202,65c582990a5cea88721bd1d9,false,false,Tue Feb 14 2023 17:19:26 GMT+0000 (Coordinated Universal Time),Thu Feb 15 2024 15:54:40 GMT+0000 (Coordinated Universal Time),Tue May 13 2025 13:18:25 GMT+0000 (Coordinated Universal Time),https://uploads-ssl.webflow.com/6392268cd1a3bc5df594bfa5/65ce33bf5c7cfff1e6dba64c_logo-aol.png,false,true
Bendu Academy,bendu-academy,65c582990a5cea88721bd202,6701ef48fbc81888e48d5925,false,false,Sun Oct 06 2024 02:00:40 GMT+0000 (Coordinated Universal Time),Sun Oct 06 2024 02:00:40 GMT+0000 (Coordinated Universal Time),Tue May 13 2025 13:18:25 GMT+0000 (Coordinated Universal Time),,false,false
BetterPak,betterpak,65c582990a5cea88721bd202,689dde5db63a746b30fc271a,false,false,Thu Aug 14 2025 13:02:21 GMT+0000 (Coordinated Universal Time),Thu Aug 14 2025 13:02:23 GMT+0000 (Coordinated Universal Time),Thu Aug 14 2025 13:09:23 GMT+0000 (Coordinated Universal Time),,false,false
Board Game Tables,board-game-tables,65c582990a5cea88721bd202,65c582990a5cea88721bd150,false,false,Thu Mar 09 2023 17:34:49 GMT+0000 (Coordinated Universal Time),Thu Feb 15 2024 15:52:25 GMT+0000 (Coordinated Universal Time),Tue May 13 2025 13:18:25 GMT+0000 (Coordinated Universal Time),https://uploads-ssl.webflow.com/6392268cd1a3bc5df594bfa5/65ce3337bb84ef29cbc52502_logo-bgt.png,false,false
Brandience,brandience,65c582990a5cea88721bd202,65c582990a5cea88721bd22e,false,false,Tue Feb 14 2023 17:18:58 GMT+0000 (Coordinated Universal Time),Thu Feb 15 2024 15:55:17 GMT+0000 (Coordinated Universal Time),Tue May 13 2025 13:18:25 GMT+0000 (Coordinated Universal Time),https://uploads-ssl.webflow.com/6392268cd1a3bc5df594bfa5/65ce33e3fab74893078a136f_logo-brandience.png,false,false
BSI Engineering,bsi-engineering,65c582990a5cea88721bd202,68851cb5186bbdce6c55af11,false,false,Sat Jul 26 2025 18:21:41 GMT+0000 (Coordinated Universal Time),Sat Jul 26 2025 18:21:45 GMT+0000 (Coordinated Universal Time),Sat Jul 26 2025 18:39:56 GMT+0000 (Coordinated Universal Time),,false,false
Butler County Visitors Bureau,butler-county-visitors-bureau,65c582990a5cea88721bd202,689de08ca85f10c339ca797c,false,false,Thu Aug 14 2025 13:11:40 GMT+0000 (Coordinated Universal Time),Thu Aug 14 2025 13:11:42 GMT+0000 (Coordinated Universal Time),Thu Aug 14 2025 13:12:41 GMT+0000 (Coordinated Universal Time),,false,false
CVG,commercial-vehicle-group,65c582990a5cea88721bd202,65c582990a5cea88721bd14b,false,false,Tue Feb 14 2023 17:20:17 GMT+0000 (Coordinated Universal Time),Sun Sep 29 2024 23:36:42 GMT+0000 (Coordinated Universal Time),Tue May 13 2025 13:18:25 GMT+0000 (Coordinated Universal Time),https://cdn.prod.website-files.com/6392268cd1a3bc5df594bfa5/65ce333cc6191285f8976190_logo-cvg.png,false,false
Commonwealth Inc,commonwealth-inc,65c582990a5cea88721bd202,679c17bddd83c2c460b34bf1,false,false,Fri Jan 31 2025 00:22:21 GMT+0000 (Coordinated Universal Time),Fri Jan 31 2025 00:22:21 GMT+0000 (Coordinated Universal Time),Tue May 13 2025 13:18:25 GMT+0000 (Coordinated Universal Time),,false,false
Court Listener,court-listener,65c582990a5cea88721bd202,67409a19a753bc2b30072972,false,false,Fri Nov 22 2024 14:50:01 GMT+0000 (Coordinated Universal Time),Fri Nov 22 2024 15:15:31 GMT+0000 (Coordinated Universal Time),Tue May 13 2025 13:18:25 GMT+0000 (Coordinated Universal Time),,false,false
Cox,cox,65c582990a5cea88721bd202,65c582990a5cea88721bd14e,false,false,Tue Feb 14 2023 17:22:12 GMT+0000 (Coordinated Universal Time),Fri Feb 09 2024 15:33:34 GMT+0000 (Coordinated Universal Time),Tue May 13 2025 13:18:25 GMT+0000 (Coordinated Universal Time),,false,false
Directions Group,directions-group,65c582990a5cea88721bd202,65c582990a5cea88721bd14f,false,false,Tue Feb 14 2023 17:20:10 GMT+0000 (Coordinated Universal Time),Sun Sep 29 2024 03:50:49 GMT+0000 (Coordinated Universal Time),Tue May 13 2025 13:18:25 GMT+0000 (Coordinated Universal Time),https://cdn.prod.website-files.com/6392268cd1a3bc5df594bfa5/65ce33a99d842334fe2aa711_logo-directions.png,false,false
DirecTV,directv,65c582990a5cea88721bd202,65c582990a5cea88721bd14c,false,false,Tue Feb 14 2023 17:22:09 GMT+0000 (Coordinated Universal Time),Tue Oct 01 2024 20:21:48 GMT+0000 (Coordinated Universal Time),Tue May 13 2025 13:18:25 GMT+0000 (Coordinated Universal Time),,true,false
Ebookers,ebookers,65c582990a5cea88721bd202,65c582990a5cea88721bd149,false,false,Tue Feb 14 2023 17:19:18 GMT+0000 (Coordinated Universal Time),Fri Feb 09 2024 15:32:17 GMT+0000 (Coordinated Universal Time),Tue May 13 2025 13:18:25 GMT+0000 (Coordinated Universal Time),,false,false
Enthusiast Auto,enthusiast-auto,65c582990a5cea88721bd202,67730c2f12aa713145aa846c,false,false,Mon Dec 30 2024 21:10:07 GMT+0000 (Coordinated Universal Time),Mon Dec 30 2024 21:14:47 GMT+0000 (Coordinated Universal Time),Tue May 13 2025 13:18:25 GMT+0000 (Coordinated Universal Time),,false,false
Expedia,expedia,65c582990a5cea88721bd202,65c582990a5cea88721bd26c,false,false,Tue Feb 14 2023 17:19:23 GMT+0000 (Coordinated Universal Time),Thu Feb 15 2024 15:54:46 GMT+0000 (Coordinated Universal Time),Tue May 13 2025 13:18:25 GMT+0000 (Coordinated Universal Time),https://uploads-ssl.webflow.com/6392268cd1a3bc5df594bfa5/65ce33c4812ce8c63e574480_logo-expedia.png,true,false
Annenberg Foundation,explore-org,65c582990a5cea88721bd202,65c582990a5cea88721bd236,false,false,Tue Feb 14 2023 17:53:55 GMT+0000 (Coordinated Universal Time),Sun Oct 06 2024 13:16:51 GMT+0000 (Coordinated Universal Time),Tue May 13 2025 13:18:25 GMT+0000 (Coordinated Universal Time),https://cdn.prod.website-files.com/6392268cd1a3bc5df594bfa5/65ce336740ffd0c9b80d2dc5_logo-explore.png,false,false
First Source Electric,first-source-electric,65c582990a5cea88721bd202,65c582990a5cea88721bd151,false,false,Sat Feb 18 2023 13:16:44 GMT+0000 (Coordinated Universal Time),Thu Feb 15 2024 15:52:29 GMT+0000 (Coordinated Universal Time),Tue May 13 2025 13:18:25 GMT+0000 (Coordinated Universal Time),https://uploads-ssl.webflow.com/6392268cd1a3bc5df594bfa5/65ce333cc6191285f8976190_logo-cvg.png,false,false
Florence Yalls,florence-yalls,65c582990a5cea88721bd202,65c582990a5cea88721bd235,false,false,Tue Feb 14 2023 17:18:53 GMT+0000 (Coordinated Universal Time),Thu Feb 15 2024 15:55:22 GMT+0000 (Coordinated Universal Time),Tue May 13 2025 13:18:25 GMT+0000 (Coordinated Universal Time),https://uploads-ssl.webflow.com/6392268cd1a3bc5df594bfa5/65ce33e89cadd0deafc8d045_logo-yalls.png,false,false
Ford,ford,65c582990a5cea88721bd202,65c645bc4b83313908a55b2b,false,false,Fri Feb 09 2024 15:33:16 GMT+0000 (Coordinated Universal Time),Thu Feb 15 2024 15:51:25 GMT+0000 (Coordinated Universal Time),Tue May 13 2025 13:18:25 GMT+0000 (Coordinated Universal Time),https://uploads-ssl.webflow.com/6392268cd1a3bc5df594bfa5/65cbad00b4a36457272ccbc7_logo-ford.png,true,false
Gotham Soccer,gotham-soccer,65c582990a5cea88721bd202,65c582990a5cea88721bd231,false,false,Tue Feb 14 2023 17:20:28 GMT+0000 (Coordinated Universal Time),Thu Feb 15 2024 15:53:59 GMT+0000 (Coordinated Universal Time),Tue May 13 2025 13:18:25 GMT+0000 (Coordinated Universal Time),https://uploads-ssl.webflow.com/6392268cd1a3bc5df594bfa5/65ce3396d3719bd56f293177_logo-gotham.png,false,false
HGTV,hgtv,65c582990a5cea88721bd202,65c582990a5cea88721bd146,false,false,Tue Feb 14 2023 17:19:40 GMT+0000 (Coordinated Universal Time),Thu Feb 15 2024 15:54:35 GMT+0000 (Coordinated Universal Time),Tue May 13 2025 13:18:25 GMT+0000 (Coordinated Universal Time),https://uploads-ssl.webflow.com/6392268cd1a3bc5df594bfa5/65ce33b674fc6d035f1e839e_logo-hgtv.png,false,true
Ikea,ikea,65c582990a5cea88721bd202,65c582990a5cea88721bd148,false,false,Tue Feb 14 2023 17:22:32 GMT+0000 (Coordinated Universal Time),Thu Feb 15 2024 15:53:50 GMT+0000 (Coordinated Universal Time),Tue May 13 2025 13:18:25 GMT+0000 (Coordinated Universal Time),https://uploads-ssl.webflow.com/6392268cd1a3bc5df594bfa5/65ce338c6751afce8e078150_logo-ikea.png,false,true
Katz Teller,katz-teller,65c582990a5cea88721bd202,65c582990a5cea88721bd230,false,false,Fri Mar 10 2023 17:49:25 GMT+0000 (Coordinated Universal Time),Thu Feb 15 2024 15:52:19 GMT+0000 (Coordinated Universal Time),Tue May 13 2025 13:18:25 GMT+0000 (Coordinated Universal Time),https://uploads-ssl.webflow.com/6392268cd1a3bc5df594bfa5/65ce3333f187a2fe131fdc91_logo-katz.png,false,false
Lastminute,lastminute,65c582990a5cea88721bd202,65c582990a5cea88721bd234,false,false,Tue Feb 14 2023 17:19:46 GMT+0000 (Coordinated Universal Time),Sat Feb 10 2024 20:05:01 GMT+0000 (Coordinated Universal Time),Tue May 13 2025 13:18:25 GMT+0000 (Coordinated Universal Time),,false,true
Lucid Digital,lucid-digital,65c582990a5cea88721bd202,65c582990a5cea88721bd26d,false,false,Tue Feb 14 2023 17:55:30 GMT+0000 (Coordinated Universal Time),Tue Feb 14 2023 17:55:30 GMT+0000 (Coordinated Universal Time),Tue May 13 2025 13:18:25 GMT+0000 (Coordinated Universal Time),,false,false
Luxottica,luxottica,65c582990a5cea88721bd202,65c582990a5cea88721bd239,false,false,Tue Feb 14 2023 17:50:22 GMT+0000 (Coordinated Universal Time),Thu Feb 15 2024 15:53:23 GMT+0000 (Coordinated Universal Time),Tue May 13 2025 13:18:25 GMT+0000 (Coordinated Universal Time),https://uploads-ssl.webflow.com/6392268cd1a3bc5df594bfa5/65ce3372f187a2fe131ff3cf_logo-luxottica.png,true,false
Make It Just,make-it-just,65c582990a5cea88721bd202,65c582990a5cea88721bd22f,false,false,Tue Feb 14 2023 17:56:07 GMT+0000 (Coordinated Universal Time),Tue Feb 14 2023 17:56:07 GMT+0000 (Coordinated Universal Time),Tue May 13 2025 13:18:25 GMT+0000 (Coordinated Universal Time),,false,false
McGraw Hill,mcgraw-hill-education,65c582990a5cea88721bd202,65c582990a5cea88721bd26e,false,false,Tue Feb 14 2023 17:18:47 GMT+0000 (Coordinated Universal Time),Sun Sep 29 2024 23:37:09 GMT+0000 (Coordinated Universal Time),Tue May 13 2025 13:18:25 GMT+0000 (Coordinated Universal Time),https://cdn.prod.website-files.com/6392268cd1a3bc5df594bfa5/65ce33efd15b8255cb136b55_logo-mhe.png,true,false
Nashville Airport,nashville-airport,65c582990a5cea88721bd202,65c582990a5cea88721bd232,false,false,Tue Feb 14 2023 17:19:37 GMT+0000 (Coordinated Universal Time),Sun Oct 06 2024 13:21:14 GMT+0000 (Coordinated Universal Time),Tue May 13 2025 13:18:25 GMT+0000 (Coordinated Universal Time),,false,false
NCTC,nctc,65c582990a5cea88721bd202,65c582990a5cea88721bd21b,false,false,Sat Feb 18 2023 13:00:49 GMT+0000 (Coordinated Universal Time),Mon Jun 26 2023 18:19:24 GMT+0000 (Coordinated Universal Time),Tue May 13 2025 13:18:25 GMT+0000 (Coordinated Universal Time),,false,false
Nenas Pastry Bar,nenas-pastry-bar,65c582990a5cea88721bd202,65c582990a5cea88721bd22d,false,false,Tue Feb 14 2023 17:48:59 GMT+0000 (Coordinated Universal Time),Tue Feb 14 2023 17:48:59 GMT+0000 (Coordinated Universal Time),Tue May 13 2025 13:18:25 GMT+0000 (Coordinated Universal Time),,false,false
Nike,nike,65c582990a5cea88721bd202,65c582990a5cea88721bd14a,false,false,Tue Feb 14 2023 17:20:38 GMT+0000 (Coordinated Universal Time),Sun Sep 29 2024 23:37:00 GMT+0000 (Coordinated Universal Time),Tue May 13 2025 13:18:25 GMT+0000 (Coordinated Universal Time),,true,false
O,o,65c582990a5cea88721bd202,671122620cc181c0e9a814d7,false,true,Thu Oct 17 2024 14:42:42 GMT+0000 (Coordinated Universal Time),Mon Dec 30 2024 21:15:13 GMT+0000 (Coordinated Universal Time),,,false,false
O'Keeffe's,okeeffes,65c582990a5cea88721bd202,66fc50e3b2a05184247b1b51,false,false,Tue Oct 01 2024 19:43:31 GMT+0000 (Coordinated Universal Time),Tue Oct 01 2024 19:43:31 GMT+0000 (Coordinated Universal Time),Tue May 13 2025 13:18:25 GMT+0000 (Coordinated Universal Time),,false,true
PL Marketing,pl-marketing,65c582990a5cea88721bd202,689ddb01fccd0c1f58ccb10e,false,false,Thu Aug 14 2025 12:48:01 GMT+0000 (Coordinated Universal Time),Thu Aug 14 2025 12:48:05 GMT+0000 (Coordinated Universal Time),Thu Aug 14 2025 13:09:23 GMT+0000 (Coordinated Universal Time),,false,false
Print Your Cause,print-your-cause,65c582990a5cea88721bd202,65c582990a5cea88721bd168,false,false,Tue Feb 14 2023 17:19:06 GMT+0000 (Coordinated Universal Time),Thu Feb 15 2024 15:55:10 GMT+0000 (Coordinated Universal Time),Tue May 13 2025 13:18:25 GMT+0000 (Coordinated Universal Time),https://uploads-ssl.webflow.com/6392268cd1a3bc5df594bfa5/65ce33d2dde005b2cf21fc93_logo-pyc.png,false,false
Process Quickly,process-quickly,65c582990a5cea88721bd202,65c582990a5cea88721bd14d,false,false,Tue Feb 14 2023 17:19:14 GMT+0000 (Coordinated Universal Time),Thu Feb 15 2024 15:54:54 GMT+0000 (Coordinated Universal Time),Tue May 13 2025 13:18:25 GMT+0000 (Coordinated Universal Time),https://uploads-ssl.webflow.com/6392268cd1a3bc5df594bfa5/65ce33cdce2bc893c7440030_logo-pq.png,false,false
SAG-AFTRA,sag-aftra,65c582990a5cea88721bd202,65c582990a5cea88721bd145,false,false,Tue Feb 14 2023 17:22:02 GMT+0000 (Coordinated Universal Time),Tue Oct 01 2024 20:21:31 GMT+0000 (Coordinated Universal Time),Tue May 13 2025 13:18:25 GMT+0000 (Coordinated Universal Time),,false,false
Serene Suites,serene-suites,65c582990a5cea88721bd202,65c582990a5cea88721bd203,false,false,Tue Feb 14 2023 17:48:04 GMT+0000 (Coordinated Universal Time),Thu Feb 15 2024 15:53:42 GMT+0000 (Coordinated Universal Time),Tue May 13 2025 13:18:25 GMT+0000 (Coordinated Universal Time),https://uploads-ssl.webflow.com/6392268cd1a3bc5df594bfa5/65ce3378b7813033c4681192_logo-serene.png,false,false
Suade,suade,65c582990a5cea88721bd202,65c582990a5cea88721bd238,false,false,Tue Feb 14 2023 17:20:22 GMT+0000 (Coordinated Universal Time),Thu Feb 15 2024 15:54:05 GMT+0000 (Coordinated Universal Time),Tue May 13 2025 13:18:25 GMT+0000 (Coordinated Universal Time),https://uploads-ssl.webflow.com/6392268cd1a3bc5df594bfa5/65ce339b3a121cb5fd6482ae_logo-suade.png,false,false
Sustainable Travel and Living,sustainable-travel-and-living,65c582990a5cea88721bd202,689de0fe81b9cb04c24b4c81,false,false,Thu Aug 14 2025 13:13:34 GMT+0000 (Coordinated Universal Time),Thu Aug 14 2025 13:13:38 GMT+0000 (Coordinated Universal Time),Thu Aug 14 2025 13:15:55 GMT+0000 (Coordinated Universal Time),,false,false
The Grocery Runners,the-grocery-runners,65c582990a5cea88721bd202,65c582990a5cea88721bd233,false,false,Sun May 07 2023 17:07:43 GMT+0000 (Coordinated Universal Time),Thu Feb 15 2024 15:52:13 GMT+0000 (Coordinated Universal Time),Tue May 13 2025 13:18:25 GMT+0000 (Coordinated Universal Time),https://uploads-ssl.webflow.com/6392268cd1a3bc5df594bfa5/65ce332b7ceffba2ecfda882_logo-grocery.png,false,false
Three Sixty Merchandise,three-sixty-merchandise,65c582990a5cea88721bd202,689e0721941261add19868c4,false,false,Thu Aug 14 2025 15:56:17 GMT+0000 (Coordinated Universal Time),Thu Aug 14 2025 15:56:18 GMT+0000 (Coordinated Universal Time),Thu Aug 14 2025 16:11:48 GMT+0000 (Coordinated Universal Time),,false,false
TruBlue House Care,trublue-house-care,65c582990a5cea88721bd202,65c582990a5cea88721bd22c,false,false,Tue Feb 14 2023 17:19:58 GMT+0000 (Coordinated Universal Time),Thu Feb 15 2024 15:54:23 GMT+0000 (Coordinated Universal Time),Tue May 13 2025 13:18:25 GMT+0000 (Coordinated Universal Time),https://uploads-ssl.webflow.com/6392268cd1a3bc5df594bfa5/65ce33ae9ee1c85de697a269_logo-trublue.png,false,false
UCLA,ucla,65c582990a5cea88721bd202,65c582990a5cea88721bd1b9,false,false,Tue Feb 14 2023 17:18:41 GMT+0000 (Coordinated Universal Time),Thu Feb 15 2024 15:55:42 GMT+0000 (Coordinated Universal Time),Tue May 13 2025 13:18:25 GMT+0000 (Coordinated Universal Time),https://uploads-ssl.webflow.com/6392268cd1a3bc5df594bfa5/65ce33fd0de81406a3b28f0b_logo-ucla.png,false,true
VCU,vcu,65c582990a5cea88721bd202,65c582990a5cea88721bd147,false,false,Tue Feb 14 2023 17:21:12 GMT+0000 (Coordinated Universal Time),Fri Feb 09 2024 15:32:08 GMT+0000 (Coordinated Universal Time),Tue May 13 2025 13:18:25 GMT+0000 (Coordinated Universal Time),,false,false
Vitis Technologies,vitis-technologies,65c582990a5cea88721bd202,689e02dd6f70eb583ee0b5e6,false,false,Thu Aug 14 2025 15:38:05 GMT+0000 (Coordinated Universal Time),Thu Aug 14 2025 15:38:16 GMT+0000 (Coordinated Universal Time),Thu Aug 14 2025 15:48:56 GMT+0000 (Coordinated Universal Time),,false,false
Voltic,voltic,65c582990a5cea88721bd202,65c582990a5cea88721bd45a,false,false,Mon Nov 13 2023 18:15:05 GMT+0000 (Coordinated Universal Time),Thu Feb 15 2024 15:51:31 GMT+0000 (Coordinated Universal Time),Tue May 13 2025 13:18:25 GMT+0000 (Coordinated Universal Time),https://uploads-ssl.webflow.com/6392268cd1a3bc5df594bfa5/65ce33025e52b68ef0562d77_logo-voltic.png,false,false
Wanamakers,wanamakers,65c582990a5cea88721bd202,65c582990a5cea88721bd197,false,false,Tue Feb 14 2023 17:51:22 GMT+0000 (Coordinated Universal Time),Thu Feb 15 2024 15:53:18 GMT+0000 (Coordinated Universal Time),Tue May 13 2025 13:18:25 GMT+0000 (Coordinated Universal Time),https://uploads-ssl.webflow.com/6392268cd1a3bc5df594bfa5/65ce336c7a11fbe311a5586e_logo-wm.png,false,false
Windward Bank,windward-bank,65c582990a5cea88721bd202,6701c1539dc446a72ba03de5,false,false,Sat Oct 05 2024 22:44:35 GMT+0000 (Coordinated Universal Time),Sat Oct 05 2024 22:44:35 GMT+0000 (Coordinated Universal Time),Tue May 13 2025 13:18:25 GMT+0000 (Coordinated Universal Time),,false,false
